metric,model_a,model_b,paired_t_p,wilcoxon_p,n_outer_folds
"['R2', 'MAE', 'MedAE', 'MSE', 'RMSE']","('R2', 'LinearRegression')","('MedAE', 'LinearRegression')",3.354790802974256e-11,0.0625,5
"['R2', 'MAE', 'MedAE', 'MSE', 'RMSE']","('R2', 'NeuralNetwork')","('MedAE', 'LinearRegression')",1.8449727276566664e-10,0.0625,5
"['R2', 'MAE', 'MedAE', 'MSE', 'RMSE']","('R2', 'DecisionTree')","('MedAE', 'LinearRegression')",1.8483457794567516e-10,0.0625,5
"['R2', 'MAE', 'MedAE', 'MSE', 'RMSE']","('R2', 'XGBoost+Huber')","('MedAE', 'LinearRegression')",1.8496690902182645e-10,0.0625,5
"['R2', 'MAE', 'MedAE', 'MSE', 'RMSE']","('R2', 'RandomForest+PseudoHuber')","('MedAE', 'LinearRegression')",1.8509916624285483e-10,0.0625,5
"['R2', 'MAE', 'MedAE', 'MSE', 'RMSE']","('R2', 'SVR')","('MedAE', 'LinearRegression')",1.8526596685084044e-10,0.0625,5
"['R2', 'MAE', 'MedAE', 'MSE', 'RMSE']","('R2', 'RandomForest+PseudoHuber')","('MedAE', 'DecisionTree')",7.690381939956676e-09,0.0625,5
"['R2', 'MAE', 'MedAE', 'MSE', 'RMSE']","('R2', 'DecisionTree')","('MedAE', 'DecisionTree')",7.693085876128961e-09,0.0625,5
"['R2', 'MAE', 'MedAE', 'MSE', 'RMSE']","('R2', 'NeuralNetwork')","('MedAE', 'DecisionTree')",7.695318161773493e-09,0.0625,5
"['R2', 'MAE', 'MedAE', 'MSE', 'RMSE']","('R2', 'XGBoost+Huber')","('MedAE', 'DecisionTree')",7.69683131505122e-09,0.0625,5
"['R2', 'MAE', 'MedAE', 'MSE', 'RMSE']","('R2', 'SVR')","('MedAE', 'DecisionTree')",7.70171327663626e-09,0.0625,5
"['R2', 'MAE', 'MedAE', 'MSE', 'RMSE']","('R2', 'RandomForest+PseudoHuber')","('MAE', 'DecisionTree')",1.7390264803164638e-08,0.0625,5
"['R2', 'MAE', 'MedAE', 'MSE', 'RMSE']","('R2', 'DecisionTree')","('MAE', 'DecisionTree')",1.7392963729394362e-08,0.0625,5
"['R2', 'MAE', 'MedAE', 'MSE', 'RMSE']","('R2', 'NeuralNetwork')","('MAE', 'DecisionTree')",1.7395872405561898e-08,0.0625,5
"['R2', 'MAE', 'MedAE', 'MSE', 'RMSE']","('R2', 'XGBoost+Huber')","('MAE', 'DecisionTree')",1.7396330367717267e-08,0.0625,5
"['R2', 'MAE', 'MedAE', 'MSE', 'RMSE']","('R2', 'SVR')","('MAE', 'DecisionTree')",1.7404906231253953e-08,0.0625,5
"['R2', 'MAE', 'MedAE', 'MSE', 'RMSE']","('R2', 'LinearRegression')","('MedAE', 'DecisionTree')",1.9738769903620682e-08,0.0625,5
"['R2', 'MAE', 'MedAE', 'MSE', 'RMSE']","('R2', 'LinearRegression')","('MAE', 'DecisionTree')",2.2064866963136087e-08,0.0625,5
"['R2', 'MAE', 'MedAE', 'MSE', 'RMSE']","('R2', 'LinearRegression')","('MedAE', 'RandomForest+PseudoHuber')",2.553797794895413e-08,0.0625,5
"['R2', 'MAE', 'MedAE', 'MSE', 'RMSE']","('R2', 'LinearRegression')","('MAE', 'RandomForest+PseudoHuber')",2.591220522881326e-08,0.0625,5
"['R2', 'MAE', 'MedAE', 'MSE', 'RMSE']","('MedAE', 'DecisionTree')","('MedAE', 'LinearRegression')",4.527154937934749e-08,0.0625,5
"['R2', 'MAE', 'MedAE', 'MSE', 'RMSE']","('R2', 'NeuralNetwork')","('MedAE', 'SVR')",5.086740292379391e-08,0.0625,5
"['R2', 'MAE', 'MedAE', 'MSE', 'RMSE']","('R2', 'XGBoost+Huber')","('MedAE', 'SVR')",5.087114287649727e-08,0.0625,5
"['R2', 'MAE', 'MedAE', 'MSE', 'RMSE']","('R2', 'RandomForest+PseudoHuber')","('MedAE', 'SVR')",5.088146009503803e-08,0.0625,5
"['R2', 'MAE', 'MedAE', 'MSE', 'RMSE']","('R2', 'DecisionTree')","('MedAE', 'SVR')",5.0885107752647933e-08,0.0625,5
"['R2', 'MAE', 'MedAE', 'MSE', 'RMSE']","('R2', 'SVR')","('MedAE', 'SVR')",5.089295961611531e-08,0.0625,5
"['R2', 'MAE', 'MedAE', 'MSE', 'RMSE']","('MAE', 'RandomForest+PseudoHuber')","('MedAE', 'RandomForest+PseudoHuber')",6.326786022729842e-08,0.0625,5
"['R2', 'MAE', 'MedAE', 'MSE', 'RMSE']","('R2', 'NeuralNetwork')","('MAE', 'RandomForest+PseudoHuber')",6.478770906607296e-08,0.0625,5
"['R2', 'MAE', 'MedAE', 'MSE', 'RMSE']","('R2', 'DecisionTree')","('MAE', 'RandomForest+PseudoHuber')",6.484056361888263e-08,0.0625,5
"['R2', 'MAE', 'MedAE', 'MSE', 'RMSE']","('R2', 'XGBoost+Huber')","('MAE', 'RandomForest+PseudoHuber')",6.484987374627372e-08,0.0625,5
"['R2', 'MAE', 'MedAE', 'MSE', 'RMSE']","('R2', 'SVR')","('MAE', 'RandomForest+PseudoHuber')",6.48609945828396e-08,0.0625,5
"['R2', 'MAE', 'MedAE', 'MSE', 'RMSE']","('R2', 'RandomForest+PseudoHuber')","('MAE', 'RandomForest+PseudoHuber')",6.486906843909964e-08,0.0625,5
"['R2', 'MAE', 'MedAE', 'MSE', 'RMSE']","('R2', 'NeuralNetwork')","('MAE', 'SVR')",6.648415662997498e-08,0.0625,5
"['R2', 'MAE', 'MedAE', 'MSE', 'RMSE']","('R2', 'XGBoost+Huber')","('MAE', 'SVR')",6.649593870585651e-08,0.0625,5
"['R2', 'MAE', 'MedAE', 'MSE', 'RMSE']","('R2', 'RandomForest+PseudoHuber')","('MAE', 'SVR')",6.649718492282323e-08,0.0625,5
"['R2', 'MAE', 'MedAE', 'MSE', 'RMSE']","('R2', 'DecisionTree')","('MAE', 'SVR')",6.649801238663656e-08,0.0625,5
"['R2', 'MAE', 'MedAE', 'MSE', 'RMSE']","('R2', 'SVR')","('MAE', 'SVR')",6.652112415890837e-08,0.0625,5
"['R2', 'MAE', 'MedAE', 'MSE', 'RMSE']","('R2', 'LinearRegression')","('MAE', 'SVR')",6.681115011653374e-08,0.0625,5
"['R2', 'MAE', 'MedAE', 'MSE', 'RMSE']","('R2', 'LinearRegression')","('MedAE', 'SVR')",7.233291871424976e-08,0.0625,5
"['R2', 'MAE', 'MedAE', 'MSE', 'RMSE']","('MAE', 'DecisionTree')","('MedAE', 'DecisionTree')",9.097783326178633e-08,0.0625,5
"['R2', 'MAE', 'MedAE', 'MSE', 'RMSE']","('MedAE', 'LinearRegression')","('MedAE', 'RandomForest+PseudoHuber')",1.1706633360436988e-07,0.0625,5
"['R2', 'MAE', 'MedAE', 'MSE', 'RMSE']","('R2', 'NeuralNetwork')","('MedAE', 'RandomForest+PseudoHuber')",1.1980531633523538e-07,0.0625,5
"['R2', 'MAE', 'MedAE', 'MSE', 'RMSE']","('R2', 'DecisionTree')","('MedAE', 'RandomForest+PseudoHuber')",1.199241714662333e-07,0.0625,5
"['R2', 'MAE', 'MedAE', 'MSE', 'RMSE']","('R2', 'SVR')","('MedAE', 'RandomForest+PseudoHuber')",1.1995772958431484e-07,0.0625,5
"['R2', 'MAE', 'MedAE', 'MSE', 'RMSE']","('R2', 'XGBoost+Huber')","('MedAE', 'RandomForest+PseudoHuber')",1.1996222415372705e-07,0.0625,5
"['R2', 'MAE', 'MedAE', 'MSE', 'RMSE']","('R2', 'RandomForest+PseudoHuber')","('MedAE', 'RandomForest+PseudoHuber')",1.200062262449357e-07,0.0625,5
"['R2', 'MAE', 'MedAE', 'MSE', 'RMSE']","('R2', 'RandomForest+PseudoHuber')","('MAE', 'XGBoost+Huber')",1.515548608383578e-07,0.0625,5
"['R2', 'MAE', 'MedAE', 'MSE', 'RMSE']","('R2', 'SVR')","('MAE', 'XGBoost+Huber')",1.5159760023437564e-07,0.0625,5
"['R2', 'MAE', 'MedAE', 'MSE', 'RMSE']","('R2', 'XGBoost+Huber')","('MAE', 'XGBoost+Huber')",1.5160450452180137e-07,0.0625,5
"['R2', 'MAE', 'MedAE', 'MSE', 'RMSE']","('R2', 'DecisionTree')","('MAE', 'XGBoost+Huber')",1.5160971178079924e-07,0.0625,5
"['R2', 'MAE', 'MedAE', 'MSE', 'RMSE']","('R2', 'NeuralNetwork')","('MAE', 'XGBoost+Huber')",1.516498299553643e-07,0.0625,5
"['R2', 'MAE', 'MedAE', 'MSE', 'RMSE']","('MAE', 'NeuralNetwork')","('MedAE', 'NeuralNetwork')",1.8334419024768488e-07,0.0625,5
"['R2', 'MAE', 'MedAE', 'MSE', 'RMSE']","('R2', 'RandomForest+PseudoHuber')","('MedAE', 'XGBoost+Huber')",2.4418919438005517e-07,0.0625,5
"['R2', 'MAE', 'MedAE', 'MSE', 'RMSE']","('R2', 'SVR')","('MedAE', 'XGBoost+Huber')",2.441998898829306e-07,0.0625,5
"['R2', 'MAE', 'MedAE', 'MSE', 'RMSE']","('R2', 'XGBoost+Huber')","('MedAE', 'XGBoost+Huber')",2.442807492525685e-07,0.0625,5
"['R2', 'MAE', 'MedAE', 'MSE', 'RMSE']","('R2', 'DecisionTree')","('MedAE', 'XGBoost+Huber')",2.443179417143373e-07,0.0625,5
"['R2', 'MAE', 'MedAE', 'MSE', 'RMSE']","('R2', 'NeuralNetwork')","('MedAE', 'XGBoost+Huber')",2.4437675055207054e-07,0.0625,5
"['R2', 'MAE', 'MedAE', 'MSE', 'RMSE']","('R2', 'LinearRegression')","('MAE', 'XGBoost+Huber')",3.033964863872171e-07,0.0625,5
"['R2', 'MAE', 'MedAE', 'MSE', 'RMSE']","('MAE', 'XGBoost+Huber')","('MedAE', 'XGBoost+Huber')",4.3292790596944474e-07,0.0625,5
"['R2', 'MAE', 'MedAE', 'MSE', 'RMSE']","('MAE', 'SVR')","('MedAE', 'DecisionTree')",5.798528003303866e-07,0.0625,5
"['R2', 'MAE', 'MedAE', 'MSE', 'RMSE']","('MedAE', 'NeuralNetwork')","('RMSE', 'NeuralNetwork')",7.078398629696924e-07,0.0625,5
"['R2', 'MAE', 'MedAE', 'MSE', 'RMSE']","('R2', 'LinearRegression')","('MedAE', 'XGBoost+Huber')",7.217158544404903e-07,0.0625,5
"['R2', 'MAE', 'MedAE', 'MSE', 'RMSE']","('MAE', 'SVR')","('MedAE', 'SVR')",7.928524630824704e-07,0.0625,5
"['R2', 'MAE', 'MedAE', 'MSE', 'RMSE']","('R2', 'NeuralNetwork')","('RMSE', 'RandomForest+PseudoHuber')",9.92609954487503e-07,0.0625,5
"['R2', 'MAE', 'MedAE', 'MSE', 'RMSE']","('R2', 'XGBoost+Huber')","('RMSE', 'RandomForest+PseudoHuber')",9.927127490450448e-07,0.0625,5
"['R2', 'MAE', 'MedAE', 'MSE', 'RMSE']","('R2', 'RandomForest+PseudoHuber')","('RMSE', 'RandomForest+PseudoHuber')",9.92716862056803e-07,0.0625,5
"['R2', 'MAE', 'MedAE', 'MSE', 'RMSE']","('R2', 'DecisionTree')","('RMSE', 'RandomForest+PseudoHuber')",9.92732341116361e-07,0.0625,5
"['R2', 'MAE', 'MedAE', 'MSE', 'RMSE']","('R2', 'SVR')","('RMSE', 'RandomForest+PseudoHuber')",9.928269912104612e-07,0.0625,5
"['R2', 'MAE', 'MedAE', 'MSE', 'RMSE']","('R2', 'LinearRegression')","('RMSE', 'RandomForest+PseudoHuber')",1.0206231535214719e-06,0.0625,5
"['R2', 'MAE', 'MedAE', 'MSE', 'RMSE']","('MAE', 'SVR')","('MedAE', 'RandomForest+PseudoHuber')",1.0963544915459544e-06,0.0625,5
"['R2', 'MAE', 'MedAE', 'MSE', 'RMSE']","('R2', 'RandomForest+PseudoHuber')","('MAE', 'NeuralNetwork')",1.2797882523509526e-06,0.0625,5
"['R2', 'MAE', 'MedAE', 'MSE', 'RMSE']","('R2', 'SVR')","('MAE', 'NeuralNetwork')",1.2799204596316528e-06,0.0625,5
"['R2', 'MAE', 'MedAE', 'MSE', 'RMSE']","('R2', 'DecisionTree')","('MAE', 'NeuralNetwork')",1.279925086978345e-06,0.0625,5
"['R2', 'MAE', 'MedAE', 'MSE', 'RMSE']","('R2', 'XGBoost+Huber')","('MAE', 'NeuralNetwork')",1.2799616693471433e-06,0.0625,5
"['R2', 'MAE', 'MedAE', 'MSE', 'RMSE']","('R2', 'NeuralNetwork')","('MAE', 'NeuralNetwork')",1.2800301049985303e-06,0.0625,5
"['R2', 'MAE', 'MedAE', 'MSE', 'RMSE']","('MedAE', 'LinearRegression')","('MedAE', 'XGBoost+Huber')",1.4396022240375229e-06,0.0625,5
"['R2', 'MAE', 'MedAE', 'MSE', 'RMSE']","('MAE', 'SVR')","('MedAE', 'XGBoost+Huber')",1.4598522838398495e-06,0.0625,5
"['R2', 'MAE', 'MedAE', 'MSE', 'RMSE']","('R2', 'RandomForest+PseudoHuber')","('RMSE', 'NeuralNetwork')",1.4677356621389622e-06,0.0625,5
"['R2', 'MAE', 'MedAE', 'MSE', 'RMSE']","('R2', 'SVR')","('RMSE', 'NeuralNetwork')",1.4677948732224564e-06,0.0625,5
"['R2', 'MAE', 'MedAE', 'MSE', 'RMSE']","('R2', 'DecisionTree')","('RMSE', 'NeuralNetwork')",1.467818638673669e-06,0.0625,5
"['R2', 'MAE', 'MedAE', 'MSE', 'RMSE']","('R2', 'XGBoost+Huber')","('RMSE', 'NeuralNetwork')",1.467841301149353e-06,0.0625,5
"['R2', 'MAE', 'MedAE', 'MSE', 'RMSE']","('R2', 'NeuralNetwork')","('RMSE', 'NeuralNetwork')",1.467923840796913e-06,0.0625,5
"['R2', 'MAE', 'MedAE', 'MSE', 'RMSE']","('R2', 'LinearRegression')","('MAE', 'NeuralNetwork')",1.5651111978420906e-06,0.0625,5
"['R2', 'MAE', 'MedAE', 'MSE', 'RMSE']","('R2', 'LinearRegression')","('RMSE', 'NeuralNetwork')",1.6308437855526928e-06,0.0625,5
"['R2', 'MAE', 'MedAE', 'MSE', 'RMSE']","('MAE', 'DecisionTree')","('MedAE', 'XGBoost+Huber')",1.64377233126045e-06,0.0625,5
"['R2', 'MAE', 'MedAE', 'MSE', 'RMSE']","('R2', 'RandomForest+PseudoHuber')","('RMSE', 'DecisionTree')",2.1826233057887014e-06,0.0625,5
"['R2', 'MAE', 'MedAE', 'MSE', 'RMSE']","('R2', 'NeuralNetwork')","('RMSE', 'DecisionTree')",2.1826671576108967e-06,0.0625,5
"['R2', 'MAE', 'MedAE', 'MSE', 'RMSE']","('R2', 'XGBoost+Huber')","('RMSE', 'DecisionTree')",2.1827045403833237e-06,0.0625,5
"['R2', 'MAE', 'MedAE', 'MSE', 'RMSE']","('R2', 'DecisionTree')","('RMSE', 'DecisionTree')",2.182765758992104e-06,0.0625,5
"['R2', 'MAE', 'MedAE', 'MSE', 'RMSE']","('R2', 'SVR')","('RMSE', 'DecisionTree')",2.1827758038078497e-06,0.0625,5
"['R2', 'MAE', 'MedAE', 'MSE', 'RMSE']","('R2', 'NeuralNetwork')","('RMSE', 'SVR')",2.2080162935187204e-06,0.0625,5
"['R2', 'MAE', 'MedAE', 'MSE', 'RMSE']","('R2', 'RandomForest+PseudoHuber')","('RMSE', 'SVR')",2.208074126380448e-06,0.0625,5
"['R2', 'MAE', 'MedAE', 'MSE', 'RMSE']","('R2', 'DecisionTree')","('RMSE', 'SVR')",2.2081172281914713e-06,0.0625,5
"['R2', 'MAE', 'MedAE', 'MSE', 'RMSE']","('R2', 'XGBoost+Huber')","('RMSE', 'SVR')",2.2081421234831668e-06,0.0625,5
"['R2', 'MAE', 'MedAE', 'MSE', 'RMSE']","('R2', 'SVR')","('RMSE', 'SVR')",2.2082502744907115e-06,0.0625,5
"['R2', 'MAE', 'MedAE', 'MSE', 'RMSE']","('R2', 'LinearRegression')","('RMSE', 'SVR')",2.2630908471606456e-06,0.0625,5
"['R2', 'MAE', 'MedAE', 'MSE', 'RMSE']","('R2', 'LinearRegression')","('RMSE', 'DecisionTree')",2.514142181388059e-06,0.0625,5
"['R2', 'MAE', 'MedAE', 'MSE', 'RMSE']","('R2', 'SVR')","('MAE', 'LinearRegression')",2.6736978103634227e-06,0.0625,5
"['R2', 'MAE', 'MedAE', 'MSE', 'RMSE']","('R2', 'RandomForest+PseudoHuber')","('MAE', 'LinearRegression')",2.6737999977694642e-06,0.0625,5
"['R2', 'MAE', 'MedAE', 'MSE', 'RMSE']","('R2', 'XGBoost+Huber')","('MAE', 'LinearRegression')",2.6739211093536076e-06,0.0625,5
"['R2', 'MAE', 'MedAE', 'MSE', 'RMSE']","('R2', 'NeuralNetwork')","('MAE', 'LinearRegression')",2.673953211553689e-06,0.0625,5
"['R2', 'MAE', 'MedAE', 'MSE', 'RMSE']","('R2', 'DecisionTree')","('MAE', 'LinearRegression')",2.6740454130405136e-06,0.0625,5
"['R2', 'MAE', 'MedAE', 'MSE', 'RMSE']","('MAE', 'DecisionTree')","('MedAE', 'RandomForest+PseudoHuber')",2.8254492636559505e-06,0.0625,5
"['R2', 'MAE', 'MedAE', 'MSE', 'RMSE']","('MedAE', 'XGBoost+Huber')","('RMSE', 'NeuralNetwork')",2.90495503339358e-06,0.0625,5
"['R2', 'MAE', 'MedAE', 'MSE', 'RMSE']","('R2', 'RandomForest+PseudoHuber')","('RMSE', 'XGBoost+Huber')",2.9953774766270773e-06,0.0625,5
"['R2', 'MAE', 'MedAE', 'MSE', 'RMSE']","('R2', 'NeuralNetwork')","('RMSE', 'XGBoost+Huber')",2.995495484518783e-06,0.0625,5
"['R2', 'MAE', 'MedAE', 'MSE', 'RMSE']","('R2', 'DecisionTree')","('RMSE', 'XGBoost+Huber')",2.9955133250005653e-06,0.0625,5
"['R2', 'MAE', 'MedAE', 'MSE', 'RMSE']","('R2', 'XGBoost+Huber')","('RMSE', 'XGBoost+Huber')",2.9955829066134164e-06,0.0625,5
"['R2', 'MAE', 'MedAE', 'MSE', 'RMSE']","('R2', 'SVR')","('RMSE', 'XGBoost+Huber')",2.9956594699602006e-06,0.0625,5
"['R2', 'MAE', 'MedAE', 'MSE', 'RMSE']","('R2', 'LinearRegression')","('RMSE', 'XGBoost+Huber')",3.2240439770443957e-06,0.0625,5
"['R2', 'MAE', 'MedAE', 'MSE', 'RMSE']","('R2', 'LinearRegression')","('MAE', 'LinearRegression')",3.3967998953017355e-06,0.0625,5
"['R2', 'MAE', 'MedAE', 'MSE', 'RMSE']","('MAE', 'NeuralNetwork')","('RMSE', 'NeuralNetwork')",3.5751515715253166e-06,0.0625,5
"['R2', 'MAE', 'MedAE', 'MSE', 'RMSE']","('MedAE', 'NeuralNetwork')","('RMSE', 'DecisionTree')",4.046338770299485e-06,0.0625,5
"['R2', 'MAE', 'MedAE', 'MSE', 'RMSE']","('MedAE', 'DecisionTree')","('RMSE', 'NeuralNetwork')",4.273553340796932e-06,0.0625,5
"['R2', 'MAE', 'MedAE', 'MSE', 'RMSE']","('MAE', 'XGBoost+Huber')","('RMSE', 'NeuralNetwork')",4.3467455062094085e-06,0.0625,5
"['R2', 'MAE', 'MedAE', 'MSE', 'RMSE']","('MAE', 'NeuralNetwork')","('MedAE', 'XGBoost+Huber')",4.643155858009801e-06,0.0625,5
"['R2', 'MAE', 'MedAE', 'MSE', 'RMSE']","('MAE', 'DecisionTree')","('MAE', 'SVR')",5.1860120018682645e-06,0.0625,5
"['R2', 'MAE', 'MedAE', 'MSE', 'RMSE']","('MedAE', 'DecisionTree')","('RMSE', 'RandomForest+PseudoHuber')",5.678950534900472e-06,0.0625,5
"['R2', 'MAE', 'MedAE', 'MSE', 'RMSE']","('MedAE', 'XGBoost+Huber')","('RMSE', 'RandomForest+PseudoHuber')",6.172742931791729e-06,0.0625,5
"['R2', 'MAE', 'MedAE', 'MSE', 'RMSE']","('RMSE', 'SVR')","('RMSE', 'XGBoost+Huber')",6.178145195516074e-06,0.0625,5
"['R2', 'MAE', 'MedAE', 'MSE', 'RMSE']","('MedAE', 'NeuralNetwork')","('RMSE', 'SVR')",6.24248537718673e-06,0.0625,5
"['R2', 'MAE', 'MedAE', 'MSE', 'RMSE']","('MAE', 'RandomForest+PseudoHuber')","('MedAE', 'DecisionTree')",6.404495734041706e-06,0.0625,5
"['R2', 'MAE', 'MedAE', 'MSE', 'RMSE']","('MAE', 'LinearRegression')","('MedAE', 'XGBoost+Huber')",6.771360198639913e-06,0.0625,5
"['R2', 'MAE', 'MedAE', 'MSE', 'RMSE']","('MedAE', 'DecisionTree')","('RMSE', 'SVR')",6.840659451487258e-06,0.0625,5
"['R2', 'MAE', 'MedAE', 'MSE', 'RMSE']","('MedAE', 'XGBoost+Huber')","('RMSE', 'SVR')",6.842471524415412e-06,0.0625,5
"['R2', 'MAE', 'MedAE', 'MSE', 'RMSE']","('MedAE', 'XGBoost+Huber')","('RMSE', 'DecisionTree')",6.853305816648775e-06,0.0625,5
"['R2', 'MAE', 'MedAE', 'MSE', 'RMSE']","('MedAE', 'RandomForest+PseudoHuber')","('RMSE', 'NeuralNetwork')",6.957177135180125e-06,0.0625,5
"['R2', 'MAE', 'MedAE', 'MSE', 'RMSE']","('MedAE', 'RandomForest+PseudoHuber')","('RMSE', 'RandomForest+PseudoHuber')",7.0110124663458296e-06,0.0625,5
"['R2', 'MAE', 'MedAE', 'MSE', 'RMSE']","('MedAE', 'SVR')","('RMSE', 'NeuralNetwork')",7.77274067527614e-06,0.0625,5
"['R2', 'MAE', 'MedAE', 'MSE', 'RMSE']","('MedAE', 'SVR')","('RMSE', 'RandomForest+PseudoHuber')",8.05677870593486e-06,0.0625,5
"['R2', 'MAE', 'MedAE', 'MSE', 'RMSE']","('R2', 'RandomForest+PseudoHuber')","('MedAE', 'NeuralNetwork')",8.291098941177843e-06,0.0625,5
"['R2', 'MAE', 'MedAE', 'MSE', 'RMSE']","('R2', 'SVR')","('MedAE', 'NeuralNetwork')",8.291417491946561e-06,0.0625,5
"['R2', 'MAE', 'MedAE', 'MSE', 'RMSE']","('R2', 'DecisionTree')","('MedAE', 'NeuralNetwork')",8.292004588612713e-06,0.0625,5
"['R2', 'MAE', 'MedAE', 'MSE', 'RMSE']","('R2', 'NeuralNetwork')","('MedAE', 'NeuralNetwork')",8.292071294241467e-06,0.0625,5
"['R2', 'MAE', 'MedAE', 'MSE', 'RMSE']","('R2', 'XGBoost+Huber')","('MedAE', 'NeuralNetwork')",8.292124310442073e-06,0.0625,5
"['R2', 'MAE', 'MedAE', 'MSE', 'RMSE']","('MAE', 'XGBoost+Huber')","('MedAE', 'DecisionTree')",8.366410304555969e-06,0.0625,5
"['R2', 'MAE', 'MedAE', 'MSE', 'RMSE']","('MedAE', 'NeuralNetwork')","('RMSE', 'XGBoost+Huber')",8.854726556893588e-06,0.0625,5
"['R2', 'MAE', 'MedAE', 'MSE', 'RMSE']","('MedAE', 'RandomForest+PseudoHuber')","('RMSE', 'SVR')",8.888475314970333e-06,0.0625,5
"['R2', 'MAE', 'MedAE', 'MSE', 'RMSE']","('MAE', 'NeuralNetwork')","('MedAE', 'DecisionTree')",9.251648924315957e-06,0.0625,5
"['R2', 'MAE', 'MedAE', 'MSE', 'RMSE']","('MAE', 'DecisionTree')","('RMSE', 'NeuralNetwork')",9.33590961154117e-06,0.0625,5
"['R2', 'MAE', 'MedAE', 'MSE', 'RMSE']","('MedAE', 'DecisionTree')","('RMSE', 'DecisionTree')",1.0317086559614412e-05,0.0625,5
"['R2', 'MAE', 'MedAE', 'MSE', 'RMSE']","('R2', 'LinearRegression')","('MedAE', 'NeuralNetwork')",1.0526535851705888e-05,0.0625,5
"['R2', 'MAE', 'MedAE', 'MSE', 'RMSE']","('MAE', 'SVR')","('MAE', 'XGBoost+Huber')",1.1162023383295279e-05,0.0625,5
"['R2', 'MAE', 'MedAE', 'MSE', 'RMSE']","('MedAE', 'SVR')","('RMSE', 'SVR')",1.148607293717014e-05,0.0625,5
"['R2', 'MAE', 'MedAE', 'MSE', 'RMSE']","('RMSE', 'NeuralNetwork')","('RMSE', 'XGBoost+Huber')",1.1687576222471812e-05,0.0625,5
"['R2', 'MAE', 'MedAE', 'MSE', 'RMSE']","('MAE', 'XGBoost+Huber')","('RMSE', 'SVR')",1.1737897910878249e-05,0.0625,5
"['R2', 'MAE', 'MedAE', 'MSE', 'RMSE']","('MAE', 'RandomForest+PseudoHuber')","('MAE', 'SVR')",1.2163580961480968e-05,0.0625,5
"['R2', 'MAE', 'MedAE', 'MSE', 'RMSE']","('MAE', 'LinearRegression')","('MedAE', 'NeuralNetwork')",1.2662959935470217e-05,0.0625,5
"['R2', 'MAE', 'MedAE', 'MSE', 'RMSE']","('MAE', 'NeuralNetwork')","('MAE', 'XGBoost+Huber')",1.344707862974251e-05,0.0625,5
"['R2', 'MAE', 'MedAE', 'MSE', 'RMSE']","('MedAE', 'XGBoost+Huber')","('RMSE', 'XGBoost+Huber')",1.3843860644264354e-05,0.0625,5
"['R2', 'MAE', 'MedAE', 'MSE', 'RMSE']","('MAE', 'DecisionTree')","('RMSE', 'SVR')",1.5102468222999013e-05,0.0625,5
"['R2', 'MAE', 'MedAE', 'MSE', 'RMSE']","('R2', 'NeuralNetwork')","('MSE', 'RandomForest+PseudoHuber')",1.5277491867138768e-05,0.0625,5
"['R2', 'MAE', 'MedAE', 'MSE', 'RMSE']","('R2', 'DecisionTree')","('MSE', 'RandomForest+PseudoHuber')",1.5277492622259096e-05,0.0625,5
"['R2', 'MAE', 'MedAE', 'MSE', 'RMSE']","('R2', 'RandomForest+PseudoHuber')","('MSE', 'RandomForest+PseudoHuber')",1.5277492631345947e-05,0.0625,5
"['R2', 'MAE', 'MedAE', 'MSE', 'RMSE']","('R2', 'XGBoost+Huber')","('MSE', 'RandomForest+PseudoHuber')",1.5277492634976957e-05,0.0625,5
"['R2', 'MAE', 'MedAE', 'MSE', 'RMSE']","('R2', 'SVR')","('MSE', 'RandomForest+PseudoHuber')",1.5277492790288078e-05,0.0625,5
"['R2', 'MAE', 'MedAE', 'MSE', 'RMSE']","('R2', 'LinearRegression')","('MSE', 'RandomForest+PseudoHuber')",1.5277509947643757e-05,0.0625,5
"['R2', 'MAE', 'MedAE', 'MSE', 'RMSE']","('MedAE', 'LinearRegression')","('RMSE', 'NeuralNetwork')",1.5283586773231172e-05,0.0625,5
"['R2', 'MAE', 'MedAE', 'MSE', 'RMSE']","('MedAE', 'XGBoost+Huber')","('MSE', 'RandomForest+PseudoHuber')",1.5287607951400313e-05,0.0625,5
"['R2', 'MAE', 'MedAE', 'MSE', 'RMSE']","('MedAE', 'DecisionTree')","('MSE', 'RandomForest+PseudoHuber')",1.528780372377813e-05,0.0625,5
"['R2', 'MAE', 'MedAE', 'MSE', 'RMSE']","('MedAE', 'NeuralNetwork')","('MSE', 'RandomForest+PseudoHuber')",1.5287813372050506e-05,0.0625,5
"['R2', 'MAE', 'MedAE', 'MSE', 'RMSE']","('MedAE', 'RandomForest+PseudoHuber')","('MSE', 'RandomForest+PseudoHuber')",1.5288190098577576e-05,0.0625,5
"['R2', 'MAE', 'MedAE', 'MSE', 'RMSE']","('MedAE', 'SVR')","('MSE', 'RandomForest+PseudoHuber')",1.528965050016158e-05,0.0625,5
"['R2', 'MAE', 'MedAE', 'MSE', 'RMSE']","('MSE', 'RandomForest+PseudoHuber')","('RMSE', 'XGBoost+Huber')",1.5291131271042837e-05,0.0625,5
"['R2', 'MAE', 'MedAE', 'MSE', 'RMSE']","('MAE', 'XGBoost+Huber')","('MSE', 'RandomForest+PseudoHuber')",1.5291812026360764e-05,0.0625,5
"['R2', 'MAE', 'MedAE', 'MSE', 'RMSE']","('MSE', 'RandomForest+PseudoHuber')","('RMSE', 'RandomForest+PseudoHuber')",1.52918412729511e-05,0.0625,5
"['R2', 'MAE', 'MedAE', 'MSE', 'RMSE']","('MAE', 'DecisionTree')","('MSE', 'RandomForest+PseudoHuber')",1.5293008526533182e-05,0.0625,5
"['R2', 'MAE', 'MedAE', 'MSE', 'RMSE']","('MSE', 'RandomForest+PseudoHuber')","('RMSE', 'DecisionTree')",1.5293261022582794e-05,0.0625,5
"['R2', 'MAE', 'MedAE', 'MSE', 'RMSE']","('MAE', 'RandomForest+PseudoHuber')","('MSE', 'RandomForest+PseudoHuber')",1.5293309989265357e-05,0.0625,5
"['R2', 'MAE', 'MedAE', 'MSE', 'RMSE']","('MSE', 'RandomForest+PseudoHuber')","('RMSE', 'SVR')",1.529444904709058e-05,0.0625,5
"['R2', 'MAE', 'MedAE', 'MSE', 'RMSE']","('MAE', 'SVR')","('MSE', 'RandomForest+PseudoHuber')",1.5294873225266533e-05,0.0625,5
"['R2', 'MAE', 'MedAE', 'MSE', 'RMSE']","('MedAE', 'LinearRegression')","('MSE', 'RandomForest+PseudoHuber')",1.5295338857504934e-05,0.0625,5
"['R2', 'MAE', 'MedAE', 'MSE', 'RMSE']","('MAE', 'NeuralNetwork')","('MSE', 'RandomForest+PseudoHuber')",1.5296928566173223e-05,0.0625,5
"['R2', 'MAE', 'MedAE', 'MSE', 'RMSE']","('MAE', 'LinearRegression')","('MSE', 'RandomForest+PseudoHuber')",1.5304588694922506e-05,0.0625,5
"['R2', 'MAE', 'MedAE', 'MSE', 'RMSE']","('MSE', 'RandomForest+PseudoHuber')","('RMSE', 'NeuralNetwork')",1.531100013444692e-05,0.0625,5
"['R2', 'MAE', 'MedAE', 'MSE', 'RMSE']","('MSE', 'RandomForest+PseudoHuber')","('RMSE', 'LinearRegression')",1.5335035386406768e-05,0.0625,5
"['R2', 'MAE', 'MedAE', 'MSE', 'RMSE']","('MAE', 'XGBoost+Huber')","('RMSE', 'DecisionTree')",1.5885777816685048e-05,0.0625,5
"['R2', 'MAE', 'MedAE', 'MSE', 'RMSE']","('MedAE', 'RandomForest+PseudoHuber')","('RMSE', 'DecisionTree')",1.6242471947226757e-05,0.0625,5
"['R2', 'MAE', 'MedAE', 'MSE', 'RMSE']","('MedAE', 'DecisionTree')","('MedAE', 'SVR')",1.6263805834774692e-05,0.0625,5
"['R2', 'MAE', 'MedAE', 'MSE', 'RMSE']","('MedAE', 'DecisionTree')","('RMSE', 'XGBoost+Huber')",1.6809801811460835e-05,0.0625,5
"['R2', 'MAE', 'MedAE', 'MSE', 'RMSE']","('MAE', 'LinearRegression')","('MedAE', 'DecisionTree')",1.7629705352849984e-05,0.0625,5
"['R2', 'MAE', 'MedAE', 'MSE', 'RMSE']","('MedAE', 'SVR')","('RMSE', 'DecisionTree')",1.813095159445594e-05,0.0625,5
"['R2', 'MAE', 'MedAE', 'MSE', 'RMSE']","('MAE', 'RandomForest+PseudoHuber')","('RMSE', 'NeuralNetwork')",1.830825500756141e-05,0.0625,5
"['R2', 'MAE', 'MedAE', 'MSE', 'RMSE']","('MedAE', 'SVR')","('MedAE', 'XGBoost+Huber')",1.8564486460536347e-05,0.0625,5
"['R2', 'MAE', 'MedAE', 'MSE', 'RMSE']","('MAE', 'XGBoost+Huber')","('RMSE', 'RandomForest+PseudoHuber')",1.9303299135299235e-05,0.0625,5
"['R2', 'MAE', 'MedAE', 'MSE', 'RMSE']","('MAE', 'RandomForest+PseudoHuber')","('RMSE', 'SVR')",2.1602938839478918e-05,0.0625,5
"['R2', 'MAE', 'MedAE', 'MSE', 'RMSE']","('MAE', 'SVR')","('MedAE', 'LinearRegression')",2.2241464346771974e-05,0.0625,5
"['R2', 'MAE', 'MedAE', 'MSE', 'RMSE']","('MAE', 'NeuralNetwork')","('MedAE', 'RandomForest+PseudoHuber')",2.2376125688423178e-05,0.0625,5
"['R2', 'MAE', 'MedAE', 'MSE', 'RMSE']","('MSE', 'NeuralNetwork')","('RMSE', 'LinearRegression')",2.2659565846651203e-05,0.0625,5
"['R2', 'MAE', 'MedAE', 'MSE', 'RMSE']","('MedAE', 'LinearRegression')","('MedAE', 'SVR')",2.3334265608148486e-05,0.0625,5
"['R2', 'MAE', 'MedAE', 'MSE', 'RMSE']","('R2', 'SVR')","('MSE', 'NeuralNetwork')",2.3423113687339723e-05,0.0625,5
"['R2', 'MAE', 'MedAE', 'MSE', 'RMSE']","('R2', 'RandomForest+PseudoHuber')","('MSE', 'NeuralNetwork')",2.342311371783946e-05,0.0625,5
"['R2', 'MAE', 'MedAE', 'MSE', 'RMSE']","('R2', 'DecisionTree')","('MSE', 'NeuralNetwork')",2.3423113887272997e-05,0.0625,5
"['R2', 'MAE', 'MedAE', 'MSE', 'RMSE']","('R2', 'NeuralNetwork')","('MSE', 'NeuralNetwork')",2.342311395150234e-05,0.0625,5
"['R2', 'MAE', 'MedAE', 'MSE', 'RMSE']","('R2', 'XGBoost+Huber')","('MSE', 'NeuralNetwork')",2.3423114006033647e-05,0.0625,5
"['R2', 'MAE', 'MedAE', 'MSE', 'RMSE']","('R2', 'LinearRegression')","('MSE', 'NeuralNetwork')",2.3423486063595768e-05,0.0625,5
"['R2', 'MAE', 'MedAE', 'MSE', 'RMSE']","('MedAE', 'NeuralNetwork')","('MSE', 'NeuralNetwork')",2.342646180753973e-05,0.0625,5
"['R2', 'MAE', 'MedAE', 'MSE', 'RMSE']","('MedAE', 'XGBoost+Huber')","('MSE', 'NeuralNetwork')",2.342879775799094e-05,0.0625,5
"['R2', 'MAE', 'MedAE', 'MSE', 'RMSE']","('MedAE', 'DecisionTree')","('MSE', 'NeuralNetwork')",2.3430472458124097e-05,0.0625,5
"['R2', 'MAE', 'MedAE', 'MSE', 'RMSE']","('MAE', 'XGBoost+Huber')","('MSE', 'NeuralNetwork')",2.3431674096944595e-05,0.0625,5
"['R2', 'MAE', 'MedAE', 'MSE', 'RMSE']","('MedAE', 'RandomForest+PseudoHuber')","('MSE', 'NeuralNetwork')",2.3432255644147353e-05,0.0625,5
"['R2', 'MAE', 'MedAE', 'MSE', 'RMSE']","('MAE', 'NeuralNetwork')","('MSE', 'NeuralNetwork')",2.343291786916201e-05,0.0625,5
"['R2', 'MAE', 'MedAE', 'MSE', 'RMSE']","('MSE', 'NeuralNetwork')","('RMSE', 'XGBoost+Huber')",2.3433370523438758e-05,0.0625,5
"['R2', 'MAE', 'MedAE', 'MSE', 'RMSE']","('MedAE', 'SVR')","('MSE', 'NeuralNetwork')",2.34334121484924e-05,0.0625,5
"['R2', 'MAE', 'MedAE', 'MSE', 'RMSE']","('MAE', 'DecisionTree')","('MSE', 'NeuralNetwork')",2.343457745046675e-05,0.0625,5
"['R2', 'MAE', 'MedAE', 'MSE', 'RMSE']","('MedAE', 'LinearRegression')","('MSE', 'NeuralNetwork')",2.3436518432421105e-05,0.0625,5
"['R2', 'MAE', 'MedAE', 'MSE', 'RMSE']","('MSE', 'NeuralNetwork')","('RMSE', 'DecisionTree')",2.3436843775190096e-05,0.0625,5
"['R2', 'MAE', 'MedAE', 'MSE', 'RMSE']","('MAE', 'RandomForest+PseudoHuber')","('MSE', 'NeuralNetwork')",2.3437083675486566e-05,0.0625,5
"['R2', 'MAE', 'MedAE', 'MSE', 'RMSE']","('MAE', 'LinearRegression')","('MSE', 'NeuralNetwork')",2.3437316801782588e-05,0.0625,5
"['R2', 'MAE', 'MedAE', 'MSE', 'RMSE']","('MSE', 'NeuralNetwork')","('RMSE', 'NeuralNetwork')",2.343827562931706e-05,0.0625,5
"['R2', 'MAE', 'MedAE', 'MSE', 'RMSE']","('MAE', 'SVR')","('MSE', 'NeuralNetwork')",2.343852396302656e-05,0.0625,5
"['R2', 'MAE', 'MedAE', 'MSE', 'RMSE']","('MSE', 'NeuralNetwork')","('RMSE', 'RandomForest+PseudoHuber')",2.3440272121480862e-05,0.0625,5
"['R2', 'MAE', 'MedAE', 'MSE', 'RMSE']","('MSE', 'NeuralNetwork')","('RMSE', 'SVR')",2.3441690993212757e-05,0.0625,5
"['R2', 'MAE', 'MedAE', 'MSE', 'RMSE']","('MedAE', 'RandomForest+PseudoHuber')","('MedAE', 'SVR')",2.367002702578673e-05,0.0625,5
"['R2', 'MAE', 'MedAE', 'MSE', 'RMSE']","('MAE', 'DecisionTree')","('RMSE', 'RandomForest+PseudoHuber')",2.4581725697728046e-05,0.0625,5
"['R2', 'MAE', 'MedAE', 'MSE', 'RMSE']","('MedAE', 'LinearRegression')","('RMSE', 'SVR')",2.6560481877566732e-05,0.0625,5
"['R2', 'MAE', 'MedAE', 'MSE', 'RMSE']","('MAE', 'LinearRegression')","('MAE', 'XGBoost+Huber')",2.6839334399584563e-05,0.0625,5
"['R2', 'MAE', 'MedAE', 'MSE', 'RMSE']","('MedAE', 'RandomForest+PseudoHuber')","('RMSE', 'XGBoost+Huber')",2.716602177729403e-05,0.0625,5
"['R2', 'MAE', 'MedAE', 'MSE', 'RMSE']","('MAE', 'RandomForest+PseudoHuber')","('MedAE', 'XGBoost+Huber')",2.776251630997821e-05,0.0625,5
"['R2', 'MAE', 'MedAE', 'MSE', 'RMSE']","('MAE', 'LinearRegression')","('MedAE', 'RandomForest+PseudoHuber')",2.7985394491434074e-05,0.0625,5
"['R2', 'MAE', 'MedAE', 'MSE', 'RMSE']","('MAE', 'SVR')","('RMSE', 'NeuralNetwork')",2.842755026077478e-05,0.0625,5
"['R2', 'MAE', 'MedAE', 'MSE', 'RMSE']","('R2', 'NeuralNetwork')","('R2', 'XGBoost+Huber')",2.8520385563892447e-05,0.0625,5
"['R2', 'MAE', 'MedAE', 'MSE', 'RMSE']","('MedAE', 'NeuralNetwork')","('RMSE', 'RandomForest+PseudoHuber')",2.8908749707624887e-05,0.0625,5
"['R2', 'MAE', 'MedAE', 'MSE', 'RMSE']","('MAE', 'RandomForest+PseudoHuber')","('RMSE', 'RandomForest+PseudoHuber')",2.925480564028619e-05,0.0625,5
"['R2', 'MAE', 'MedAE', 'MSE', 'RMSE']","('MSE', 'DecisionTree')","('RMSE', 'LinearRegression')",3.0886486219634286e-05,0.0625,5
"['R2', 'MAE', 'MedAE', 'MSE', 'RMSE']","('MAE', 'SVR')","('RMSE', 'SVR')",3.1257253361215114e-05,0.0625,5
"['R2', 'MAE', 'MedAE', 'MSE', 'RMSE']","('R2', 'NeuralNetwork')","('MSE', 'DecisionTree')",3.286186843714203e-05,0.0625,5
"['R2', 'MAE', 'MedAE', 'MSE', 'RMSE']","('R2', 'RandomForest+PseudoHuber')","('MSE', 'DecisionTree')",3.2861868921467266e-05,0.0625,5
"['R2', 'MAE', 'MedAE', 'MSE', 'RMSE']","('R2', 'SVR')","('MSE', 'DecisionTree')",3.286186897805945e-05,0.0625,5
"['R2', 'MAE', 'MedAE', 'MSE', 'RMSE']","('R2', 'XGBoost+Huber')","('MSE', 'DecisionTree')",3.2861869228991034e-05,0.0625,5
"['R2', 'MAE', 'MedAE', 'MSE', 'RMSE']","('R2', 'DecisionTree')","('MSE', 'DecisionTree')",3.286186928856007e-05,0.0625,5
"['R2', 'MAE', 'MedAE', 'MSE', 'RMSE']","('R2', 'LinearRegression')","('MSE', 'DecisionTree')",3.2862845913078284e-05,0.0625,5
"['R2', 'MAE', 'MedAE', 'MSE', 'RMSE']","('MedAE', 'NeuralNetwork')","('MSE', 'DecisionTree')",3.287369017252305e-05,0.0625,5
"['R2', 'MAE', 'MedAE', 'MSE', 'RMSE']","('MedAE', 'XGBoost+Huber')","('MSE', 'DecisionTree')",3.287692580212447e-05,0.0625,5
"['R2', 'MAE', 'MedAE', 'MSE', 'RMSE']","('MedAE', 'DecisionTree')","('MSE', 'DecisionTree')",3.2880441214627066e-05,0.0625,5
"['R2', 'MAE', 'MedAE', 'MSE', 'RMSE']","('MedAE', 'RandomForest+PseudoHuber')","('MSE', 'DecisionTree')",3.288351370419204e-05,0.0625,5
"['R2', 'MAE', 'MedAE', 'MSE', 'RMSE']","('MAE', 'XGBoost+Huber')","('MSE', 'DecisionTree')",3.288463088536961e-05,0.0625,5
"['R2', 'MAE', 'MedAE', 'MSE', 'RMSE']","('MedAE', 'SVR')","('MSE', 'DecisionTree')",3.288549694785167e-05,0.0625,5
"['R2', 'MAE', 'MedAE', 'MSE', 'RMSE']","('MSE', 'DecisionTree')","('RMSE', 'XGBoost+Huber')",3.288819275889695e-05,0.0625,5
"['R2', 'MAE', 'MedAE', 'MSE', 'RMSE']","('MSE', 'DecisionTree')","('RMSE', 'DecisionTree')",3.288987266610977e-05,0.0625,5
"['R2', 'MAE', 'MedAE', 'MSE', 'RMSE']","('MAE', 'DecisionTree')","('MSE', 'DecisionTree')",3.2890639268287745e-05,0.0625,5
"['R2', 'MAE', 'MedAE', 'MSE', 'RMSE']","('MAE', 'NeuralNetwork')","('MSE', 'DecisionTree')",3.28913109076916e-05,0.0625,5
"['R2', 'MAE', 'MedAE', 'MSE', 'RMSE']","('MAE', 'RandomForest+PseudoHuber')","('MSE', 'DecisionTree')",3.2894034235502996e-05,0.0625,5
"['R2', 'MAE', 'MedAE', 'MSE', 'RMSE']","('MedAE', 'LinearRegression')","('MSE', 'DecisionTree')",3.289494520440285e-05,0.0625,5
"['R2', 'MAE', 'MedAE', 'MSE', 'RMSE']","('MSE', 'DecisionTree')","('RMSE', 'RandomForest+PseudoHuber')",3.289615686718513e-05,0.0625,5
"['R2', 'MAE', 'MedAE', 'MSE', 'RMSE']","('MAE', 'LinearRegression')","('MSE', 'DecisionTree')",3.2896182794924994e-05,0.0625,5
"['R2', 'MAE', 'MedAE', 'MSE', 'RMSE']","('MAE', 'SVR')","('MSE', 'DecisionTree')",3.289715528255637e-05,0.0625,5
"['R2', 'MAE', 'MedAE', 'MSE', 'RMSE']","('MSE', 'DecisionTree')","('RMSE', 'SVR')",3.2901490200138337e-05,0.0625,5
"['R2', 'MAE', 'MedAE', 'MSE', 'RMSE']","('MSE', 'DecisionTree')","('RMSE', 'NeuralNetwork')",3.291276384367201e-05,0.0625,5
"['R2', 'MAE', 'MedAE', 'MSE', 'RMSE']","('MSE', 'SVR')","('RMSE', 'LinearRegression')",3.420981658657147e-05,0.0625,5
"['R2', 'MAE', 'MedAE', 'MSE', 'RMSE']","('R2', 'NeuralNetwork')","('MSE', 'SVR')",3.4301961154007115e-05,0.0625,5
"['R2', 'MAE', 'MedAE', 'MSE', 'RMSE']","('R2', 'RandomForest+PseudoHuber')","('MSE', 'SVR')",3.4301961771586826e-05,0.0625,5
"['R2', 'MAE', 'MedAE', 'MSE', 'RMSE']","('R2', 'DecisionTree')","('MSE', 'SVR')",3.430196180781341e-05,0.0625,5
"['R2', 'MAE', 'MedAE', 'MSE', 'RMSE']","('R2', 'SVR')","('MSE', 'SVR')",3.4301961946310174e-05,0.0625,5
"['R2', 'MAE', 'MedAE', 'MSE', 'RMSE']","('R2', 'XGBoost+Huber')","('MSE', 'SVR')",3.4301961980621615e-05,0.0625,5
"['R2', 'MAE', 'MedAE', 'MSE', 'RMSE']","('R2', 'LinearRegression')","('MSE', 'SVR')",3.430203785560237e-05,0.0625,5
"['R2', 'MAE', 'MedAE', 'MSE', 'RMSE']","('MedAE', 'NeuralNetwork')","('MSE', 'SVR')",3.431290168011048e-05,0.0625,5
"['R2', 'MAE', 'MedAE', 'MSE', 'RMSE']","('MedAE', 'XGBoost+Huber')","('MSE', 'SVR')",3.43138801963829e-05,0.0625,5
"['R2', 'MAE', 'MedAE', 'MSE', 'RMSE']","('MedAE', 'DecisionTree')","('MSE', 'SVR')",3.431442675807428e-05,0.0625,5
"['R2', 'MAE', 'MedAE', 'MSE', 'RMSE']","('MedAE', 'RandomForest+PseudoHuber')","('MSE', 'SVR')",3.431559475755611e-05,0.0625,5
"['R2', 'MAE', 'MedAE', 'MSE', 'RMSE']","('MedAE', 'SVR')","('MSE', 'SVR')",3.431870467600524e-05,0.0625,5
"['R2', 'MAE', 'MedAE', 'MSE', 'RMSE']","('MAE', 'XGBoost+Huber')","('MSE', 'SVR')",3.431887908735322e-05,0.0625,5
"['R2', 'MAE', 'MedAE', 'MSE', 'RMSE']","('MSE', 'SVR')","('RMSE', 'XGBoost+Huber')",3.431892845985424e-05,0.0625,5
"['R2', 'MAE', 'MedAE', 'MSE', 'RMSE']","('MAE', 'DecisionTree')","('MSE', 'SVR')",3.432105911197136e-05,0.0625,5
"['R2', 'MAE', 'MedAE', 'MSE', 'RMSE']","('MAE', 'RandomForest+PseudoHuber')","('MSE', 'SVR')",3.4322483954857737e-05,0.0625,5
"['R2', 'MAE', 'MedAE', 'MSE', 'RMSE']","('MAE', 'NeuralNetwork')","('MSE', 'SVR')",3.432355247219979e-05,0.0625,5
"['R2', 'MAE', 'MedAE', 'MSE', 'RMSE']","('MedAE', 'LinearRegression')","('MSE', 'SVR')",3.432433532282824e-05,0.0625,5
"['R2', 'MAE', 'MedAE', 'MSE', 'RMSE']","('MSE', 'SVR')","('RMSE', 'RandomForest+PseudoHuber')",3.43244098311661e-05,0.0625,5
"['R2', 'MAE', 'MedAE', 'MSE', 'RMSE']","('MSE', 'SVR')","('RMSE', 'DecisionTree')",3.432461394913932e-05,0.0625,5
"['R2', 'MAE', 'MedAE', 'MSE', 'RMSE']","('MAE', 'SVR')","('MSE', 'SVR')",3.432534473077451e-05,0.0625,5
"['R2', 'MAE', 'MedAE', 'MSE', 'RMSE']","('MSE', 'SVR')","('RMSE', 'SVR')",3.4325967011756464e-05,0.0625,5
"['R2', 'MAE', 'MedAE', 'MSE', 'RMSE']","('MAE', 'LinearRegression')","('MSE', 'SVR')",3.4334997237964814e-05,0.0625,5
"['R2', 'MAE', 'MedAE', 'MSE', 'RMSE']","('MSE', 'SVR')","('RMSE', 'NeuralNetwork')",3.4340366071474986e-05,0.0625,5
"['R2', 'MAE', 'MedAE', 'MSE', 'RMSE']","('RMSE', 'RandomForest+PseudoHuber')","('RMSE', 'SVR')",3.4519790813216235e-05,0.0625,5
"['R2', 'MAE', 'MedAE', 'MSE', 'RMSE']","('MAE', 'XGBoost+Huber')","('RMSE', 'XGBoost+Huber')",3.7496101163029954e-05,0.0625,5
"['R2', 'MAE', 'MedAE', 'MSE', 'RMSE']","('MAE', 'NeuralNetwork')","('RMSE', 'SVR')",3.7522910730742385e-05,0.0625,5
"['R2', 'MAE', 'MedAE', 'MSE', 'RMSE']","('MAE', 'DecisionTree')","('RMSE', 'DecisionTree')",3.856662074804765e-05,0.0625,5
"['R2', 'MAE', 'MedAE', 'MSE', 'RMSE']","('MSE', 'NeuralNetwork')","('MSE', 'XGBoost+Huber')",4.228056575536118e-05,0.0625,5
"['R2', 'MAE', 'MedAE', 'MSE', 'RMSE']","('MSE', 'SVR')","('MSE', 'XGBoost+Huber')",4.3419129983940785e-05,0.0625,5
"['R2', 'MAE', 'MedAE', 'MSE', 'RMSE']","('MSE', 'XGBoost+Huber')","('RMSE', 'LinearRegression')",4.362414745086478e-05,0.0625,5
"['R2', 'MAE', 'MedAE', 'MSE', 'RMSE']","('R2', 'NeuralNetwork')","('MSE', 'XGBoost+Huber')",4.480692674924885e-05,0.0625,5
"['R2', 'MAE', 'MedAE', 'MSE', 'RMSE']","('R2', 'RandomForest+PseudoHuber')","('MSE', 'XGBoost+Huber')",4.480692741345062e-05,0.0625,5
"['R2', 'MAE', 'MedAE', 'MSE', 'RMSE']","('R2', 'SVR')","('MSE', 'XGBoost+Huber')",4.4806927687830604e-05,0.0625,5
"['R2', 'MAE', 'MedAE', 'MSE', 'RMSE']","('R2', 'DecisionTree')","('MSE', 'XGBoost+Huber')",4.4806927721149425e-05,0.0625,5
"['R2', 'MAE', 'MedAE', 'MSE', 'RMSE']","('R2', 'XGBoost+Huber')","('MSE', 'XGBoost+Huber')",4.4806928239106365e-05,0.0625,5
"['R2', 'MAE', 'MedAE', 'MSE', 'RMSE']","('R2', 'LinearRegression')","('MSE', 'XGBoost+Huber')",4.480757627893561e-05,0.0625,5
"['R2', 'MAE', 'MedAE', 'MSE', 'RMSE']","('MedAE', 'NeuralNetwork')","('MSE', 'XGBoost+Huber')",4.482971661308004e-05,0.0625,5
"['R2', 'MAE', 'MedAE', 'MSE', 'RMSE']","('MedAE', 'XGBoost+Huber')","('MSE', 'XGBoost+Huber')",4.4835088337237814e-05,0.0625,5
"['R2', 'MAE', 'MedAE', 'MSE', 'RMSE']","('MedAE', 'DecisionTree')","('MSE', 'XGBoost+Huber')",4.483834836107099e-05,0.0625,5
"['R2', 'MAE', 'MedAE', 'MSE', 'RMSE']","('MedAE', 'RandomForest+PseudoHuber')","('MSE', 'XGBoost+Huber')",4.484303039493908e-05,0.0625,5
"['R2', 'MAE', 'MedAE', 'MSE', 'RMSE']","('MAE', 'XGBoost+Huber')","('MSE', 'XGBoost+Huber')",4.484754661020517e-05,0.0625,5
"['R2', 'MAE', 'MedAE', 'MSE', 'RMSE']","('MSE', 'XGBoost+Huber')","('RMSE', 'XGBoost+Huber')",4.485000437087259e-05,0.0625,5
"['R2', 'MAE', 'MedAE', 'MSE', 'RMSE']","('MedAE', 'SVR')","('MSE', 'XGBoost+Huber')",4.4850534876128515e-05,0.0625,5
"['R2', 'MAE', 'MedAE', 'MSE', 'RMSE']","('MAE', 'DecisionTree')","('MSE', 'XGBoost+Huber')",4.485545488196934e-05,0.0625,5
"['R2', 'MAE', 'MedAE', 'MSE', 'RMSE']","('MAE', 'NeuralNetwork')","('MSE', 'XGBoost+Huber')",4.4856679825979106e-05,0.0625,5
"['R2', 'MAE', 'MedAE', 'MSE', 'RMSE']","('MAE', 'RandomForest+PseudoHuber')","('MSE', 'XGBoost+Huber')",4.486166708657673e-05,0.0625,5
"['R2', 'MAE', 'MedAE', 'MSE', 'RMSE']","('MedAE', 'LinearRegression')","('MSE', 'XGBoost+Huber')",4.4863964220058866e-05,0.0625,5
"['R2', 'MAE', 'MedAE', 'MSE', 'RMSE']","('MSE', 'XGBoost+Huber')","('RMSE', 'DecisionTree')",4.486572653251512e-05,0.0625,5
"['R2', 'MAE', 'MedAE', 'MSE', 'RMSE']","('MAE', 'SVR')","('MSE', 'XGBoost+Huber')",4.486891097812152e-05,0.0625,5
"['R2', 'MAE', 'MedAE', 'MSE', 'RMSE']","('MSE', 'XGBoost+Huber')","('RMSE', 'RandomForest+PseudoHuber')",4.4870523829922034e-05,0.0625,5
"['R2', 'MAE', 'MedAE', 'MSE', 'RMSE']","('MSE', 'XGBoost+Huber')","('RMSE', 'SVR')",4.4874271216034485e-05,0.0625,5
"['R2', 'MAE', 'MedAE', 'MSE', 'RMSE']","('MAE', 'LinearRegression')","('MSE', 'XGBoost+Huber')",4.4883382097961524e-05,0.0625,5
"['R2', 'MAE', 'MedAE', 'MSE', 'RMSE']","('MSE', 'XGBoost+Huber')","('RMSE', 'NeuralNetwork')",4.489323645501908e-05,0.0625,5
"['R2', 'MAE', 'MedAE', 'MSE', 'RMSE']","('MAE', 'LinearRegression')","('MedAE', 'SVR')",4.717654677348433e-05,0.0625,5
"['R2', 'MAE', 'MedAE', 'MSE', 'RMSE']","('MedAE', 'LinearRegression')","('RMSE', 'RandomForest+PseudoHuber')",4.830610955888754e-05,0.0625,5
"['R2', 'MAE', 'MedAE', 'MSE', 'RMSE']","('R2', 'SVR')","('R2', 'XGBoost+Huber')",4.839138781085004e-05,0.0625,5
"['R2', 'MAE', 'MedAE', 'MSE', 'RMSE']","('MedAE', 'SVR')","('RMSE', 'XGBoost+Huber')",5.061656314967031e-05,0.0625,5
"['R2', 'MAE', 'MedAE', 'MSE', 'RMSE']","('MAE', 'NeuralNetwork')","('MedAE', 'SVR')",5.702550185602225e-05,0.0625,5
"['R2', 'MAE', 'MedAE', 'MSE', 'RMSE']","('MAE', 'RandomForest+PseudoHuber')","('RMSE', 'DecisionTree')",6.246760059123191e-05,0.0625,5
"['R2', 'MAE', 'MedAE', 'MSE', 'RMSE']","('MAE', 'XGBoost+Huber')","('MedAE', 'RandomForest+PseudoHuber')",6.654589465530316e-05,0.0625,5
"['R2', 'MAE', 'MedAE', 'MSE', 'RMSE']","('MedAE', 'LinearRegression')","('RMSE', 'DecisionTree')",7.107720903463433e-05,0.0625,5
"['R2', 'MAE', 'MedAE', 'MSE', 'RMSE']","('MAE', 'DecisionTree')","('RMSE', 'XGBoost+Huber')",8.548292137913058e-05,0.0625,5
"['R2', 'MAE', 'MedAE', 'MSE', 'RMSE']","('RMSE', 'DecisionTree')","('RMSE', 'NeuralNetwork')",8.561551361476812e-05,0.0625,5
"['R2', 'MAE', 'MedAE', 'MSE', 'RMSE']","('MAE', 'SVR')","('RMSE', 'RandomForest+PseudoHuber')",8.684380669768339e-05,0.0625,5
"['R2', 'MAE', 'MedAE', 'MSE', 'RMSE']","('MAE', 'LinearRegression')","('RMSE', 'NeuralNetwork')",8.735875203671323e-05,0.0625,5
"['R2', 'MAE', 'MedAE', 'MSE', 'RMSE']","('MAE', 'DecisionTree')","('MedAE', 'SVR')",9.258292604920695e-05,0.0625,5
"['R2', 'MAE', 'MedAE', 'MSE', 'RMSE']","('MAE', 'DecisionTree')","('MAE', 'NeuralNetwork')",9.60532564098848e-05,0.0625,5
"['R2', 'MAE', 'MedAE', 'MSE', 'RMSE']","('R2', 'RandomForest+PseudoHuber')","('R2', 'SVR')",9.804299162593202e-05,0.0625,5
"['R2', 'MAE', 'MedAE', 'MSE', 'RMSE']","('R2', 'DecisionTree')","('R2', 'NeuralNetwork')",0.00010166013037116087,0.0625,5
"['R2', 'MAE', 'MedAE', 'MSE', 'RMSE']","('RMSE', 'NeuralNetwork')","('RMSE', 'RandomForest+PseudoHuber')",0.00011695148107068799,0.0625,5
"['R2', 'MAE', 'MedAE', 'MSE', 'RMSE']","('MAE', 'DecisionTree')","('MAE', 'LinearRegression')",0.00012135477723646784,0.0625,5
"['R2', 'MAE', 'MedAE', 'MSE', 'RMSE']","('MSE', 'RandomForest+PseudoHuber')","('MSE', 'SVR')",0.00012235408065834158,0.0625,5
"['R2', 'MAE', 'MedAE', 'MSE', 'RMSE']","('RMSE', 'DecisionTree')","('RMSE', 'SVR')",0.00013762620660344528,0.0625,5
"['R2', 'MAE', 'MedAE', 'MSE', 'RMSE']","('MAE', 'SVR')","('MedAE', 'NeuralNetwork')",0.00014172488454859924,0.0625,5
"['R2', 'MAE', 'MedAE', 'MSE', 'RMSE']","('R2', 'NeuralNetwork')","('R2', 'RandomForest+PseudoHuber')",0.00015108950376594587,0.0625,5
"['R2', 'MAE', 'MedAE', 'MSE', 'RMSE']","('MAE', 'RandomForest+PseudoHuber')","('RMSE', 'XGBoost+Huber')",0.000152004915411507,0.0625,5
"['R2', 'MAE', 'MedAE', 'MSE', 'RMSE']","('MSE', 'DecisionTree')","('MSE', 'NeuralNetwork')",0.00015524679258336442,0.0625,5
"['R2', 'MAE', 'MedAE', 'MSE', 'RMSE']","('MAE', 'LinearRegression')","('MAE', 'RandomForest+PseudoHuber')",0.00015552420391662754,0.0625,5
"['R2', 'MAE', 'MedAE', 'MSE', 'RMSE']","('MAE', 'LinearRegression')","('MedAE', 'LinearRegression')",0.00016773098745918435,0.0625,5
"['R2', 'MAE', 'MedAE', 'MSE', 'RMSE']","('MAE', 'SVR')","('RMSE', 'DecisionTree')",0.00017855906705156906,0.0625,5
"['R2', 'MAE', 'MedAE', 'MSE', 'RMSE']","('MAE', 'NeuralNetwork')","('RMSE', 'DecisionTree')",0.0001792127333308176,0.0625,5
"['R2', 'MAE', 'MedAE', 'MSE', 'RMSE']","('MedAE', 'NeuralNetwork')","('MedAE', 'XGBoost+Huber')",0.0001827003205746264,0.0625,5
"['R2', 'MAE', 'MedAE', 'MSE', 'RMSE']","('MedAE', 'LinearRegression')","('RMSE', 'XGBoost+Huber')",0.0002043324770611593,0.0625,5
"['R2', 'MAE', 'MedAE', 'MSE', 'RMSE']","('MSE', 'NeuralNetwork')","('MSE', 'RandomForest+PseudoHuber')",0.00021482584914841183,0.0625,5
"['R2', 'MAE', 'MedAE', 'MSE', 'RMSE']","('MAE', 'RandomForest+PseudoHuber')","('MedAE', 'LinearRegression')",0.00023822007011926506,0.0625,5
"['R2', 'MAE', 'MedAE', 'MSE', 'RMSE']","('MAE', 'NeuralNetwork')","('MAE', 'RandomForest+PseudoHuber')",0.00024139325072622034,0.0625,5
"['R2', 'MAE', 'MedAE', 'MSE', 'RMSE']","('R2', 'DecisionTree')","('R2', 'SVR')",0.00025391076324816,0.0625,5
"['R2', 'MAE', 'MedAE', 'MSE', 'RMSE']","('MSE', 'DecisionTree')","('MSE', 'SVR')",0.0002777233484790415,0.0625,5
"['R2', 'MAE', 'MedAE', 'MSE', 'RMSE']","('MAE', 'DecisionTree')","('MAE', 'XGBoost+Huber')",0.0002876639143976449,0.0625,5
"['R2', 'MAE', 'MedAE', 'MSE', 'RMSE']","('MAE', 'NeuralNetwork')","('MedAE', 'LinearRegression')",0.00029788369898553214,0.0625,5
"['R2', 'MAE', 'MedAE', 'MSE', 'RMSE']","('MAE', 'XGBoost+Huber')","('MedAE', 'LinearRegression')",0.000417995808776894,0.0625,5
"['R2', 'MAE', 'MedAE', 'MSE', 'RMSE']","('MedAE', 'DecisionTree')","('MedAE', 'NeuralNetwork')",0.0006556618893708631,0.0625,5
"['R2', 'MAE', 'MedAE', 'MSE', 'RMSE']","('RMSE', 'DecisionTree')","('RMSE', 'XGBoost+Huber')",0.0007081611178674985,0.0625,5
"['R2', 'MAE', 'MedAE', 'MSE', 'RMSE']","('MSE', 'DecisionTree')","('MSE', 'XGBoost+Huber')",0.0008827118089214582,0.0625,5
"['R2', 'MAE', 'MedAE', 'MSE', 'RMSE']","('MAE', 'LinearRegression')","('RMSE', 'SVR')",0.000931624690329293,0.0625,5
"['R2', 'MAE', 'MedAE', 'MSE', 'RMSE']","('R2', 'DecisionTree')","('R2', 'XGBoost+Huber')",0.0010176793927020823,0.0625,5
"['R2', 'MAE', 'MedAE', 'MSE', 'RMSE']","('MAE', 'NeuralNetwork')","('RMSE', 'XGBoost+Huber')",0.0011522816366525339,0.0625,5
"['R2', 'MAE', 'MedAE', 'MSE', 'RMSE']","('MedAE', 'NeuralNetwork')","('MedAE', 'RandomForest+PseudoHuber')",0.0011754480405274422,0.0625,5
"['R2', 'MAE', 'MedAE', 'MSE', 'RMSE']","('MAE', 'SVR')","('RMSE', 'XGBoost+Huber')",0.0013342880343602517,0.0625,5
"['R2', 'MAE', 'MedAE', 'MSE', 'RMSE']","('MAE', 'LinearRegression')","('MAE', 'SVR')",0.0019043157596634844,0.0625,5
"['R2', 'MAE', 'MedAE', 'MSE', 'RMSE']","('MAE', 'RandomForest+PseudoHuber')","('MedAE', 'SVR')",0.0020343794101580328,0.0625,5
"['R2', 'MAE', 'MedAE', 'MSE', 'RMSE']","('MAE', 'LinearRegression')","('MAE', 'NeuralNetwork')",0.002228961949160457,0.0625,5
"['R2', 'MAE', 'MedAE', 'MSE', 'RMSE']","('MAE', 'NeuralNetwork')","('RMSE', 'RandomForest+PseudoHuber')",0.00251222698332484,0.0625,5
"['R2', 'MAE', 'MedAE', 'MSE', 'RMSE']","('MedAE', 'DecisionTree')","('MedAE', 'XGBoost+Huber')",0.0036685688998895367,0.0625,5
"['R2', 'MAE', 'MedAE', 'MSE', 'RMSE']","('RMSE', 'DecisionTree')","('RMSE', 'RandomForest+PseudoHuber')",0.003747767043954341,0.0625,5
"['R2', 'MAE', 'MedAE', 'MSE', 'RMSE']","('R2', 'DecisionTree')","('R2', 'RandomForest+PseudoHuber')",0.004570560751304497,0.0625,5
"['R2', 'MAE', 'MedAE', 'MSE', 'RMSE']","('MSE', 'DecisionTree')","('MSE', 'RandomForest+PseudoHuber')",0.004868490553964655,0.0625,5
"['R2', 'MAE', 'MedAE', 'MSE', 'RMSE']","('MAE', 'DecisionTree')","('MAE', 'RandomForest+PseudoHuber')",0.005562265990105049,0.0625,5
"['R2', 'MAE', 'MedAE', 'MSE', 'RMSE']","('MedAE', 'LinearRegression')","('MedAE', 'NeuralNetwork')",0.012756760100661638,0.0625,5
"['R2', 'MAE', 'MedAE', 'MSE', 'RMSE']","('MAE', 'DecisionTree')","('MedAE', 'LinearRegression')",0.0142994659713261,0.0625,5
"['R2', 'MAE', 'MedAE', 'MSE', 'RMSE']","('RMSE', 'NeuralNetwork')","('RMSE', 'SVR')",0.01437839545212814,0.0625,5
"['R2', 'MAE', 'MedAE', 'MSE', 'RMSE']","('MAE', 'DecisionTree')","('MedAE', 'NeuralNetwork')",0.015030546829344566,0.0625,5
"['R2', 'MAE', 'MedAE', 'MSE', 'RMSE']","('R2', 'NeuralNetwork')","('R2', 'SVR')",0.015254445475279687,0.0625,5
"['R2', 'MAE', 'MedAE', 'MSE', 'RMSE']","('MSE', 'NeuralNetwork')","('MSE', 'SVR')",0.015925157975146376,0.0625,5
"['R2', 'MAE', 'MedAE', 'MSE', 'RMSE']","('MAE', 'LinearRegression')","('RMSE', 'DecisionTree')",0.017904490071075436,0.0625,5
"['R2', 'MAE', 'MedAE', 'MSE', 'RMSE']","('MedAE', 'DecisionTree')","('MedAE', 'RandomForest+PseudoHuber')",0.0247741507871104,0.0625,5
"['R2', 'MAE', 'MedAE', 'MSE', 'RMSE']","('MAE', 'XGBoost+Huber')","('MedAE', 'SVR')",0.030942799888200822,0.125,5
"['R2', 'MAE', 'MedAE', 'MSE', 'RMSE']","('MAE', 'NeuralNetwork')","('MAE', 'SVR')",0.037935504345920856,0.0625,5
"['R2', 'MAE', 'MedAE', 'MSE', 'RMSE']","('MAE', 'RandomForest+PseudoHuber')","('MAE', 'XGBoost+Huber')",0.08630349194433841,0.1875,5
"['R2', 'MAE', 'MedAE', 'MSE', 'RMSE']","('MSE', 'RandomForest+PseudoHuber')","('MSE', 'XGBoost+Huber')",0.10591016459241981,0.125,5
"['R2', 'MAE', 'MedAE', 'MSE', 'RMSE']","('RMSE', 'RandomForest+PseudoHuber')","('RMSE', 'XGBoost+Huber')",0.1066247607287435,0.125,5
"['R2', 'MAE', 'MedAE', 'MSE', 'RMSE']","('R2', 'RandomForest+PseudoHuber')","('R2', 'XGBoost+Huber')",0.10843798941583911,0.125,5
"['R2', 'MAE', 'MedAE', 'MSE', 'RMSE']","('R2', 'NeuralNetwork')","('RMSE', 'LinearRegression')",0.21489904451503128,0.0625,5
"['R2', 'MAE', 'MedAE', 'MSE', 'RMSE']","('R2', 'SVR')","('RMSE', 'LinearRegression')",0.21489946543647903,0.0625,5
"['R2', 'MAE', 'MedAE', 'MSE', 'RMSE']","('R2', 'DecisionTree')","('RMSE', 'LinearRegression')",0.2149004442424185,0.0625,5
"['R2', 'MAE', 'MedAE', 'MSE', 'RMSE']","('R2', 'RandomForest+PseudoHuber')","('RMSE', 'LinearRegression')",0.21490066957077317,0.0625,5
"['R2', 'MAE', 'MedAE', 'MSE', 'RMSE']","('R2', 'XGBoost+Huber')","('RMSE', 'LinearRegression')",0.2149007979250649,0.0625,5
"['R2', 'MAE', 'MedAE', 'MSE', 'RMSE']","('R2', 'LinearRegression')","('RMSE', 'LinearRegression')",0.21495288638290552,0.0625,5
"['R2', 'MAE', 'MedAE', 'MSE', 'RMSE']","('MedAE', 'NeuralNetwork')","('MedAE', 'SVR')",0.224473403739978,0.3125,5
"['R2', 'MAE', 'MedAE', 'MSE', 'RMSE']","('MedAE', 'XGBoost+Huber')","('RMSE', 'LinearRegression')",0.24071042311456953,0.0625,5
"['R2', 'MAE', 'MedAE', 'MSE', 'RMSE']","('MedAE', 'RandomForest+PseudoHuber')","('RMSE', 'LinearRegression')",0.24256975146106063,0.0625,5
"['R2', 'MAE', 'MedAE', 'MSE', 'RMSE']","('MedAE', 'DecisionTree')","('RMSE', 'LinearRegression')",0.24355422768286067,0.0625,5
"['R2', 'MAE', 'MedAE', 'MSE', 'RMSE']","('MedAE', 'SVR')","('RMSE', 'LinearRegression')",0.25509723640364096,0.0625,5
"['R2', 'MAE', 'MedAE', 'MSE', 'RMSE']","('MedAE', 'NeuralNetwork')","('RMSE', 'LinearRegression')",0.25589424723317766,0.0625,5
"['R2', 'MAE', 'MedAE', 'MSE', 'RMSE']","('MAE', 'XGBoost+Huber')","('RMSE', 'LinearRegression')",0.25682207008254654,0.0625,5
"['R2', 'MAE', 'MedAE', 'MSE', 'RMSE']","('MAE', 'RandomForest+PseudoHuber')","('RMSE', 'LinearRegression')",0.26022214114613273,0.0625,5
"['R2', 'MAE', 'MedAE', 'MSE', 'RMSE']","('MAE', 'LinearRegression')","('RMSE', 'XGBoost+Huber')",0.2612163990413057,0.3125,5
"['R2', 'MAE', 'MedAE', 'MSE', 'RMSE']","('MAE', 'DecisionTree')","('RMSE', 'LinearRegression')",0.2631095030494102,0.0625,5
"['R2', 'MAE', 'MedAE', 'MSE', 'RMSE']","('MedAE', 'LinearRegression')","('RMSE', 'LinearRegression')",0.264740837765036,0.0625,5
"['R2', 'MAE', 'MedAE', 'MSE', 'RMSE']","('MedAE', 'RandomForest+PseudoHuber')","('MedAE', 'XGBoost+Huber')",0.27197558739429156,0.3125,5
"['R2', 'MAE', 'MedAE', 'MSE', 'RMSE']","('MAE', 'SVR')","('RMSE', 'LinearRegression')",0.27984255658062546,0.0625,5
"['R2', 'MAE', 'MedAE', 'MSE', 'RMSE']","('MAE', 'NeuralNetwork')","('RMSE', 'LinearRegression')",0.28341044036597146,0.0625,5
"['R2', 'MAE', 'MedAE', 'MSE', 'RMSE']","('RMSE', 'LinearRegression')","('RMSE', 'XGBoost+Huber')",0.293988487709598,0.0625,5
"['R2', 'MAE', 'MedAE', 'MSE', 'RMSE']","('MAE', 'LinearRegression')","('RMSE', 'LinearRegression')",0.2956102043591977,0.0625,5
"['R2', 'MAE', 'MedAE', 'MSE', 'RMSE']","('RMSE', 'LinearRegression')","('RMSE', 'RandomForest+PseudoHuber')",0.29796224841213714,0.0625,5
"['R2', 'MAE', 'MedAE', 'MSE', 'RMSE']","('RMSE', 'DecisionTree')","('RMSE', 'LinearRegression')",0.30543764831400116,0.0625,5
"['R2', 'MAE', 'MedAE', 'MSE', 'RMSE']","('MAE', 'RandomForest+PseudoHuber')","('MedAE', 'NeuralNetwork')",0.31351461357864985,0.4375,5
"['R2', 'MAE', 'MedAE', 'MSE', 'RMSE']","('RMSE', 'LinearRegression')","('RMSE', 'SVR')",0.33256098618747637,0.0625,5
"['R2', 'MAE', 'MedAE', 'MSE', 'RMSE']","('RMSE', 'LinearRegression')","('RMSE', 'NeuralNetwork')",0.344159251148182,0.0625,5
"['R2', 'MAE', 'MedAE', 'MSE', 'RMSE']","('R2', 'NeuralNetwork')","('MSE', 'LinearRegression')",0.35807033522788473,0.0625,5
"['R2', 'MAE', 'MedAE', 'MSE', 'RMSE']","('R2', 'SVR')","('MSE', 'LinearRegression')",0.3580703352440792,0.0625,5
"['R2', 'MAE', 'MedAE', 'MSE', 'RMSE']","('R2', 'DecisionTree')","('MSE', 'LinearRegression')",0.3580703352788914,0.0625,5
"['R2', 'MAE', 'MedAE', 'MSE', 'RMSE']","('R2', 'RandomForest+PseudoHuber')","('MSE', 'LinearRegression')",0.3580703352878254,0.0625,5
"['R2', 'MAE', 'MedAE', 'MSE', 'RMSE']","('R2', 'XGBoost+Huber')","('MSE', 'LinearRegression')",0.35807033529217663,0.0625,5
"['R2', 'MAE', 'MedAE', 'MSE', 'RMSE']","('R2', 'LinearRegression')","('MSE', 'LinearRegression')",0.358070335341855,0.0625,5
"['R2', 'MAE', 'MedAE', 'MSE', 'RMSE']","('MedAE', 'XGBoost+Huber')","('MSE', 'LinearRegression')",0.35807122115413786,0.0625,5
"['R2', 'MAE', 'MedAE', 'MSE', 'RMSE']","('MedAE', 'RandomForest+PseudoHuber')","('MSE', 'LinearRegression')",0.3580712735927824,0.0625,5
"['R2', 'MAE', 'MedAE', 'MSE', 'RMSE']","('MedAE', 'DecisionTree')","('MSE', 'LinearRegression')",0.3580713085208871,0.0625,5
"['R2', 'MAE', 'MedAE', 'MSE', 'RMSE']","('MedAE', 'SVR')","('MSE', 'LinearRegression')",0.3580716691932256,0.0625,5
"['R2', 'MAE', 'MedAE', 'MSE', 'RMSE']","('MedAE', 'NeuralNetwork')","('MSE', 'LinearRegression')",0.35807170306303987,0.0625,5
"['R2', 'MAE', 'MedAE', 'MSE', 'RMSE']","('MAE', 'XGBoost+Huber')","('MSE', 'LinearRegression')",0.35807172504844126,0.0625,5
"['R2', 'MAE', 'MedAE', 'MSE', 'RMSE']","('MAE', 'RandomForest+PseudoHuber')","('MSE', 'LinearRegression')",0.35807182029604673,0.0625,5
"['R2', 'MAE', 'MedAE', 'MSE', 'RMSE']","('MAE', 'DecisionTree')","('MSE', 'LinearRegression')",0.3580719095522573,0.0625,5
"['R2', 'MAE', 'MedAE', 'MSE', 'RMSE']","('MedAE', 'LinearRegression')","('MSE', 'LinearRegression')",0.3580719568786266,0.0625,5
"['R2', 'MAE', 'MedAE', 'MSE', 'RMSE']","('MAE', 'SVR')","('MSE', 'LinearRegression')",0.35807239009476577,0.0625,5
"['R2', 'MAE', 'MedAE', 'MSE', 'RMSE']","('MAE', 'NeuralNetwork')","('MSE', 'LinearRegression')",0.35807249486361226,0.0625,5
"['R2', 'MAE', 'MedAE', 'MSE', 'RMSE']","('MSE', 'LinearRegression')","('RMSE', 'XGBoost+Huber')",0.35807277924997577,0.0625,5
"['R2', 'MAE', 'MedAE', 'MSE', 'RMSE']","('MAE', 'LinearRegression')","('MSE', 'LinearRegression')",0.35807283001469464,0.0625,5
"['R2', 'MAE', 'MedAE', 'MSE', 'RMSE']","('MSE', 'LinearRegression')","('RMSE', 'RandomForest+PseudoHuber')",0.3580728816972355,0.0625,5
"['R2', 'MAE', 'MedAE', 'MSE', 'RMSE']","('MSE', 'LinearRegression')","('RMSE', 'DecisionTree')",0.3580730810602278,0.0625,5
"['R2', 'MAE', 'MedAE', 'MSE', 'RMSE']","('MSE', 'LinearRegression')","('RMSE', 'SVR')",0.3580737459517589,0.0625,5
"['R2', 'MAE', 'MedAE', 'MSE', 'RMSE']","('MSE', 'LinearRegression')","('RMSE', 'NeuralNetwork')",0.3580740182426231,0.0625,5
"['R2', 'MAE', 'MedAE', 'MSE', 'RMSE']","('MSE', 'LinearRegression')","('RMSE', 'LinearRegression')",0.3580743317147764,0.0625,5
"['R2', 'MAE', 'MedAE', 'MSE', 'RMSE']","('R2', 'LinearRegression')","('R2', 'XGBoost+Huber')",0.3629633168679316,0.0625,5
"['R2', 'MAE', 'MedAE', 'MSE', 'RMSE']","('MSE', 'LinearRegression')","('MSE', 'XGBoost+Huber')",0.36303853249074564,0.0625,5
"['R2', 'MAE', 'MedAE', 'MSE', 'RMSE']","('R2', 'LinearRegression')","('R2', 'RandomForest+PseudoHuber')",0.36339380397191806,0.0625,5
"['R2', 'MAE', 'MedAE', 'MSE', 'RMSE']","('MSE', 'LinearRegression')","('MSE', 'RandomForest+PseudoHuber')",0.3634586936783477,0.0625,5
"['R2', 'MAE', 'MedAE', 'MSE', 'RMSE']","('R2', 'DecisionTree')","('R2', 'LinearRegression')",0.3642834171424603,0.0625,5
"['R2', 'MAE', 'MedAE', 'MSE', 'RMSE']","('MSE', 'DecisionTree')","('MSE', 'LinearRegression')",0.36434413761942946,0.0625,5
"['R2', 'MAE', 'MedAE', 'MSE', 'RMSE']","('R2', 'LinearRegression')","('R2', 'SVR')",0.36775602658691026,0.0625,5
"['R2', 'MAE', 'MedAE', 'MSE', 'RMSE']","('MSE', 'LinearRegression')","('MSE', 'SVR')",0.367796293955676,0.0625,5
"['R2', 'MAE', 'MedAE', 'MSE', 'RMSE']","('R2', 'LinearRegression')","('R2', 'NeuralNetwork')",0.3693882427423847,0.0625,5
"['R2', 'MAE', 'MedAE', 'MSE', 'RMSE']","('MSE', 'LinearRegression')","('MSE', 'NeuralNetwork')",0.36942485996913726,0.0625,5
"['R2', 'MAE', 'MedAE', 'MSE', 'RMSE']","('MAE', 'LinearRegression')","('RMSE', 'RandomForest+PseudoHuber')",0.872609912097424,1.0,5
"['R2', 'MAE', 'MedAE', 'MSE', 'RMSE']","('MAE', 'XGBoost+Huber')","('MedAE', 'NeuralNetwork')",0.9979472540832262,1.0,5
